description,Name,Number with MA or mA,Major Arcana or Minor Arcana,Suit of Cards,Image,Fortune,Key Words Upright,Key words Reversed,Upright Meaning,Reverse Meaning,Archetype,"tarot cards and basic information about them, as well as references to corresp.9",Numerology,Elements and Planets,Mythical ,Questions to ask ,,
cards,The Fool,0,Major Arcana,Trump,m00.jpg,"Watch for new projects and new beginnings, Prepare to take something on faith, Something new comes your way; go for it","Freedom, Faith, Inexperience, Innocence, New Beginnings, Adventure, Spontaneity, Idealism","Recklessness, Taken Advantage of, Inconsideration, Caution, Naive, Distracted, Gullible, Stale, Dull","Freeing yourself from limitation, Expressing joy and youthful vigor, Being open-minded, Taking a leap of faith, Attuning yourself to your instincts, Being eager or curious, Exploring your potential, Embracing innovation and change","Being gullible and naive, Taking unnecessary risks, Failing to be serious when required, Being silly or distracted, Lacking experience, Failing to honor well-established traditions and limits, Behaving inappropriately",The Divine Madman,Aleph/Ox/1,0 (off the scale; pure potential),Air / Uranus,Adam before the fall. Christ as a wandering holy madman. Deity wrapped in human flesh. The Holy Spirit.,"What would I do if I felt free to take a leap?, How willing am I to be vulnerable and open?, How might past experiences help in this new situation?",,
cards,The Magician,1,Major Arcana,Trump,m01.jpg,"A powerful man may play a role in your day, Your current situation must be seen as one element of a much larger plan","Capability, Creation, Empowerment, Activity, Willpower, Desire, Resourcefll, Ability & Skill, Concentration, Manifestation","Manipulation, Cunning, Trickery, Wastedpotential, Illusion, Deception, Out of Self","Taking appropriate action, Receiving guidance from a higher power, Becoming a channel of divine will, Expressing masculine energy in appropriate and constructive ways, Being yourself in every way","Inflating your own ego, Abusing talents, Manipulating or deceiving others, Being too aggressive, Using cheap illusions to dazzle others, Refusing to invest the time and effort needed to master your craft, Taking shortcuts",The Ego/The Self,Beth/House/2,"1 (origins, unity, seeds)",Air /Mercury,"Thoth, the Egyptian god of wisdom, known to the Greeks as Hermes and to the Romans as Mercury. Christ working miracles. Brahma, the Creator.","What am I empowered to do?, How might my abilities come into play?, To what extent am I making the most of my talents?",,
cards,The High Priestess,2,Major Arcana,Trump,m02.jpg,"A mysterious woman arrives, A sexual secret may surface, Someone knows more than he or she will reveal","Intuition, Reflection, Purity, Initiation, Subconciousness, Mystery, Higher Power, Inner voice, Spirituality, Patience, Education, Teaching, Guide, Privacy","Repressed intuition & subconcious, Hidden motives and negative secracy, Superficiality, Confusion, Cognitive dissonace, Hidding true self, Isolation and lonliness, Lack of information, Lack of Center","Listening to your feelings and intuitions, Exploring unconventional spirituality, Keeping secrets,Being receptive,Reflecting instead of acting,Observing others,Preserving purity","Being aloofObsessing on secrets and conspiraciesRejecting guidance from spirit or intuitionRevealing allIgnoring gut feelingsRefusing to become involved, even when involvement is appropriate",The Virgin/The Maiden,Gimel/Camel/3,"2 (division, debate, duality)",Water / The Moon,"The feminine aspect of divinity, particularity when expressed through virginity, as with the Virgin Mary or Isis.","What might a rebel against tradition do?,What isn't being said or revealed?,What could be achieved by observing and reflecting?",,
cards,The Empress,3,Major Arcana,Trump,m03.jpg,"Pregnancy is in the cards, An opportunity to be involved in luxurious sexuality is coming, Beware a tendency toward addiction","Fertility, Productivity, Ripeness, Nurturing, Divine feminine, Sensuality, Beauty, Abundance, Nature, Creativity, Supportive & Committed, Like Fresh Air, Generosity in Material Aspects","Insecurity, Overbearing, Negligence, Smothering, Lack of Growth, Lack of Progress, Jealousy, Clingy, Stale Career, Overall feeling insecure and not confident","Nurturing yourself and others, Bearing fruit, Celebrating your body, Bearing (literal or figurative) children, Reveling in luxury, Mothering those around you in positive ways, Enjoying your sexuality, Getting things done","Overindulging, Being greedy, Smothering someone with attention, Debilitating someone by being overprotective, Inhibiting productivity by obsessing on productivity, Being overcome by addictive behavior",The Mother,Daleth/Door/4,"3 (expression, productivity, output)",Earth / Venus,"Gaia, Mother Earth, Ishtar, DemeterÑmature, reproductive female divinity in every form. Also Aphrodite and Turan. ","What would a concerned and capable mother do?,What can I do that would emphasize growth?,How can I celebrate my own sensuality and sexuality?",,
cards,The Emperor,4,Major Arcana,Trump,m04.jpg,"The Divine Masculine, A father figure arrives, A new employer or authority figure will give you orders, Expect discipline or correction in the near future","Authority, Regulation, Direction, Structure, Stability, Protection, Control, Practicality,  Focus, Discipline, Traditional, Creating Paths and processes, ","Tyrant, Dictator, Domineering, Rigid, Stubborn, Lack of Discipline, Recklessness Power struggle in relationships, Competitiveness, Overbearing, Low focus, Out of control, Coldness","Exercising authority, Defining limits, Directing the flow of work, Communicating clear guidelines,Being in control of yourself and others,Tempering aggressive masculinity with wisdom and experience","Micromanaging, Crushing the creativity of others with a rigid iron-fisted approach, Insisting on getting your own way, Assuming a dictatorial mindset, Using overt force to achieve your goals and maintain order",The Father,He[as]/Window/5; Tzaddi/Fish hook/90,"4 (stability, equality, persistence)",Aries / Fire / Mars,"Masculine gods, including the Hebrew God, the Christian God, Allah, and Zeus. Patriarchs (Abraham) and lawgivers (Moses). Vishnu, the Preserver.","How does the issue of control or regulation impact this situation?,What would a compassionate but strict father do?,What needs more control?",,
cards,The Hierophant,5,Major Arcana,Trump,m05.jpg,"It is advisable to follow social structures which are established and have their own tradition, Expect to be caught in a misdeed and punished accordingly, Pray for forgiveness and confess wrongdoings, A more experienced man, spiritual leader, or father figure will come into your life","Guidance, Knowledge, Revelation, Belief, Tradition, Social Groups, Conventionality, Conformity, Education, Avoiding Taboo, Spiritual love, Safe, Success in career","Rebellion, Unconventionality, Non- conformity, New methods, Ignorance, Stale relationships, Misaligned values, Breaking taboo, Bureaucracy, Confined, Peer Pressure, Taking risks with finances","Teaching or guiding others, Searching for the truth, Asking for guidance from a higher power, Acknowledging the wisdom and experience of others, Taking vows, Engaging in heartfelt rituals, Volunteering","Using experience as a means of manipulating or misguiding others, Being dogmatic, Favoring tradition over what is expedient or necessary, Going through the motions of empty rituals, Concealing wisdom, Restricting access to spiritual truths or the gods",The Guardian/The Church/Faith,Vau/Nail or Spike/6,"5 (instability, resistance, confrontation, evolution)",Taurus / Earth / Venus,"The Christ, the Apostle Peter, Buddha, Mohammed. Popes, priests, and intercessors of every faith and tradition","What role might tradition or religion play in this situation?,Who authored the rules? Who enforces them? Why?,How might an experienced guide impact this situation?",,
cards,The Lovers,6,Major Arcana,Trump,m06.jpg,"A new personal or professional relationship blossoms, Sexual opportunities abound, Unexpectedly, a friend becomes a lover, Confidence and strength empowers eachother","Love, Passion, Unity, Choice, Romance, Balance, Supportive relationships, Mutual understanding","Disharmony, Imbalance, Conflict, Detatchment, Bad choices, Indecision, Cold & Detatched, Too many suitors, Imbalance, Conflict, Trouble, Implusive, Not responsible","Being in love, Showing your love to others, Expressing passion or romantic feelings, Aligning yourself with groups or like-minded others, Bringing people together, Making well-informed decisions","Debilitating passion, Allowing an unhealthy desire for love to motivate destructive behavior, Disrupting unity, Working against the best interests of those who care about you, Ill-informed decisions",The Lover/Sexual Awakening,Zain/Sword/7,"6 (cooperation, collaboration, interaction)",Gemini / Air / Mercury,"Obviously, Adam and Eve, who are depicted in RWS-influenced decks. Also Venus and Cupid, Aphrodite and Eros.","What guides my choices?,What is my heart leading me to do?,How might this decision transform me as a person?",,
cards,The Chariot,7,Major Arcana,Trump,m07.jpg,"Pursue a plan with a structures approach, Victory is a certainty, Move ahead with all plans, Beware the jealousy of others","Advancement, Victory, Triumph, Success, Ambition, Determination, Willpower, Control, Self-discipline, Focus, Taking action in love life, ","Forceful, No direction, No control, Powerless, Aggression, Obstacles, Obession, Lack of Ambition, Too aggressive in career, Rushing, Hesistant","Breaking through barriers, Moving forward with confidence and authority, Reaching the pinnacle of success, Basking in the glory of achievement, Guiding an effort to total victory, Establishing yourself as a worthy leader","Resting on laurels, Riding roughshod over the feelings or expectations of others, Focusing more on past successes than future opportunities, Failing to rein in impulsive behavior",The Victorious Hero,Cheth/Fence/8,"7 (imagination, inner work, psychology)","Cancer / Water / Moon, Saturn, Jupiter",Odysseus. Jason. The search for the Holy Grail. Christ's triumphal entry into Jerusalem.,"To what extent have I arrived? What will my next challenge be?,How can I use past achievements to their best advantage?,What would the criteria for real and meaningful success be?",,
cards,Strength,8,Major Arcana,Trump,m08.jpg,"Your resilience will aid you , Speak your mind, Your self-control will be tested, A woman will seek to change her partner or lover, You are a strong, capable person","Discipline, Boldness, Self-discipline, Power, Vitality, Courage, Bravery, Confidence, Inner power, Compassion, Self Mastery, Big Steps, Controlled but large spending","Self doubt, Wekaness, Low confidence, Inadequacy, Cowardice, Forcefullness, Deprssiom, Fear, Lack of motivation, Complusive spending, Hesistant spending , Insecurity, Imposter syndrome, ","Imposing restrictions on yourself for your own benefit, Bringing your passions under the control of reason, Resisting impulses that work against your best interests, Taking bold action","Indulging weakness, even when you know it will damage your health and happiness, Languishing in addiction, Allowing your instincts to tame and conquer you, Failing to take a stand when necessary",The Law,Lamed/Outstretched Arms/30 or Theth/Snake/9,"8 (movement, work) or 11 = 1 + 1 = 2 (debate, duality)",Libra or Leo / Fire,Themis or Justitia. Ma'at. Solomon dividing a baby. The Sword of Damocles. The giving of the Ten Commandments.,"To what extent is your life (or work) balanced?,How can you achieve greater objectivity?,What course of action would be fair to everyone concerned?",,
cards,The Hermit,9,Major Arcana,Trump,m09.jpg,"Your destination is yourself, A period of loneliness begins, One partner in a relationship departs, A search for love or money proves fruitless","Solitude, Experience, Stillness, Withdrawal, Inner guidance, Self -Introspection, Contemplation, Search for Self, Search for purpose & truth, Less focus on material hings","Lonliness, Isolation, Recluse, Being Antisocial, rejection, Returning to soceity, Feeling distant from a partner, Realigning to career goals, Working alone, Lost your way","Becoming or seeking out a guru, Going on a retreat, Recharging spiritual or creative batteries, Lighting the way for those with less experience, Stepping back to gain perspective","Being a lonerFearing contact with others, Becoming a know-it-all, Inflating claims of expertise, Hiding your skills and talents out of fear of unworthiness",The Holy Man,Yod/Hand/10,"9 (fullness, readiness, ripeness)",Virgo / Earth / Mercury,"The Christ, while fasting 40 days in the wilderness. Chronos, the god of time. Father Time. Hermes.","What would happen if I simply withdrew and took no action?,How can I get some perspective on the situation?,Who has walked this path before me?, How can I enlist his or her help?",,
cards,Wheel of Fortune,10,Major Arcana,Trump,m10.jpg,"Some events are in the hands of heaven, You've lived through this before, What happened then?","Luck, Randomness, Cycles, Karma, Fate, Revolution, Change, Decisive moments, Fortune, Unexpected events, Navigating changes, Making adjustments, Adaptation, Being flexible with finances, Material change","Bad luck, Lack of control, Clining onto power and control, Unwelcome changes, Delays, External events affecting relationships,Out of control life, Failure to adapt to work, Forcing past solutions, Preparation","Allowing events to unfold, Seeing the larger pattern in everyday events, Trusting your luck, Watching for cycles, Believing that ""what goes around, comes around""","Losing money gambling, Refusing to do your part to bring a plan to fruition, Taking a fatalistic approach to life, Fighting the natural course of events",The Fates/Destiny,Koph/Palm/20,"10 (finality, completion) and 10 = 1 + 0 = 1 (seed, opportunity)",Fire / Jupiter,"The God in the Machine. Deus ex Machina. Clotho, Lachesis, and Atropos. Fortuna.","How does this challenge fit into a larger pattern?,What role does luck play in my circumstances?,What can I control? How should I know when to relinquish control?",,
cards,Justice,11,Major Arcana,Trump,m11.jpg,"If you have been wronged, you will recieve relief. If your actions have done wrong, this is your warning. A legal verdict will be rendered soon, Someone is making a decision, You need to get the facts","Balance, Law, Fairness, Objectivity, Justice, Karma,  Consequences, Accountability, Truth, Honesty, Integrity, Cause and Effect, Reward, Compromise and fair treatment","Injustice, Retribution, ishonesty, Corruption, Dishonesty, Unfairness, Avoiding accountability, Blaming someone unfairly, ","Making an objective decision, Weighing an issue carefully before taking action, Appropriately scaling your reaction to a situation, Getting all the facts, Considering evidence, Deliberating","Delivering harsh criticism, Obsessing on rules and regulations, Playing by the book even when it is destructive or counterproductive to do so, Confusing snap decisions with timely action, Playing favorites",The Id,Theth/Snake/9 or Lamed/Outstretched Arms/30,"11 = 1 + 1 = 2 (debate, duality) or 8 (movement, outer work)",Leo or Libra / Air,Samson. Hercules. Daniel in the lion's den. The sinless Christ.,"How can I enhance my self-discipline?,What behaviors tempt me? How can I resist?,What instincts do I continue to struggle with today?",,
cards,The Hanged Man,12,Major Arcana,Trump,m12.jpg,"Suspend a particular action, A traitor is revealed, One of your friends is working against you, Change your ways or suffer the consequences","Enlightenment, Sacrifice, Perspective, Suspension, Reversals, Waiting, Uncertainty, Lack of direction, Contemplation,  Don't rush, Avoid pressure (romanic), Forced break in career, Think about the next steps, ","Stalling, Disinterest, Stagnation, Avoiding sacrifice, Apathy, Disinterest, New perspectives in love and work, Career move not working, Failed investment, Procrastination, Indecision, ","Seeing growth opportunities in unpleasant events, Experiencing a dramatic change in personal perspective, Making the best of an unforeseen change in your life or work, Suspending disbelief, Making sacrifices","Being untrue to yourself and your values, Refusing to make sacrifices when appropriate, Refusing to adapt to new situations, Blaming others, Profiting at the expense of others",The Traitor,Mem/Water/40,"12 = 1 + 2 = 3 (expression, productivity, output)",Water / Neptune,The Crucified Christ. Isaac as a sacrifice. Prometheus bound. Jonah and the whale. Lazarus. Any hanged or sacrificed god. Judas.,"How can I radically alter my perspective?,How might being stuck actually be a blessing in disguise?,How can I help myself see the glass as half full?",,
cards,Death,13,Major Arcana,Trump,m13.jpg,"A cycle ends for a new cycle to begin, An old version of you needs to die for a new to begin,  A relationship or illness ends suddenly, Limit travel and risk-taking, ","Ending, Conclusion, Transition, Passage, Departure, Change, Letting go, Release, Career transition, Adapting to financial loss, Metamorphosis","Fear of change, Repeating negative patterns, Not learning lessons, Resisting change, Stagnancy, Decay,  Lack of growth, Continuing unhealthy habits (health or financial) , Holding on and not letting go","Bringing an unpleasant phase of life to an end, Recognizing and celebrating the conclusion of something, Putting bad habits to rest, Becoming a new person, Leaving one person, place, or thing for another, Letting go","Obsessing on death and dying, Refusing to give up old habits or unhealthy relationships, Insisting that everything and everyone should stay the same forever, Failing to take good care of yourself",Death,Nun/Fish/50,"13 = 1 + 3 = 4 (stability, persistence)",Scorpio / Water,Christ in the tomb. Hades. Hypnos. Thanatos. Stories of journeys into the underworld.,"What needs to end?,How might an ending actually be a blessing in this situation?,What's next?",,
cards,Temperance,14,Major Arcana,Trump,m14.jpg,"Moderation and Balance, you need a lot of patience, Someone's using drugs or alcohol to excess, It's time to get back on that diet","Blending, Synthesis, Mediation, Combination, Harmony, Peace, Patience, Calm, Tranquility, Serentiy, Consideration, Careful, Success from patience, Save money, ","Imbalance, Excess, Extremes, Discord, Recklessness, Hastiness, All or nothing romances, Impatience, Work-life imbalance, Rushed , Short-term happiness","Bringing opposites together, Moderating your actions or emotions, Finding middle ground, Reaching compromises, Synthesizing solutions that please everyone involved, Using the old to make something new","Going to extremes, Disrupting group efforts, Ignoring healthy approaches to life, Becoming an addict, Practicing gluttony, Tearing something or someone apart, Breaking alliances",The Mediator,Samekh/Foundation/60,"14 = 1 + 4 = 5 (catalyst, instability, confrontation)",Sagittarius / Fire ,"The angel seen here may be the goddess Iris. By extension, priests, priesthoods, or the transfigured Christ.","How can I avoid extremes?,What does everyone involved have in common?,How might combining familiar things help me create something new?",,
cards,The Devil,15,Major Arcana,Trump,m15.jpg,"Addiction is repressed powerlessness, Adultery and unfaithfulness, A string of extremely bad luck is coming your way, Beware evil influences and wolves in sheep's clothing","shadow, materialism, bondage, oppression, addiction, obsession, excess, dependency, powerlessness, limitations, delusion, lust, selfish disregard for partner, feeling trapped, self-sabotage","independence, freedome, revelation, release, reclaiming power, reclaiming control, ending co-dependency, more accountbility in career, feeling empowered, financial independance","Appreciating the luxuries that life has to offer, Being comfortable in your own skin, Enjoying your sexuality, Splurging on an expensive personal item, Embracing the fact that everyone has a darker side, Dealing with unhealthy impulses in healthy ways","Putting excessive emphasis on appearances, Always wanting more, Valuing possessions more than people or relationships, Allowing base instincts to govern your life, Being selfishAttributing your own dark impulses to outside forces or other people","The Shadow, The Other",Ayin/Eye/70,"15 = 1 + 5 = 6 (adjustment, collaboration)",Capricorn / Earth,"The Biblical Satan, certainly. Fallen angels, including Lucifer. Bacchus and Pan. Tempters and serpents of every stripe.","What enslaves me? How can I set myself free?,How can I re-evaluate the importance I assign to material things?,To what extent do my cravings define me?",,
cards,The Tower,16,Major Arcana,Trump,m16.jpg,"The old way are no longer useful. Impending disaster, Cancel plans and reverse decisions, Someone wants to take you down a notch or two, Don't hold back; say what you really mean","demolition, upheaval, deconstruction, disaster, destruction, trauma, sudden change, chaos, breakup, foundational shift in view, sudden job loss, wake up call","averting disaster,  delaying the inevitable, resisting change, making adjustments , leaving a weak relationship, aviding risks in career, repeating financial troubles, ","Breaking out of old, confining habits and mindsets, Clearing the way for new growth, Dispelling the influence of an inflated ego, Getting back to basics, Stripping away harmful illusions, Receiving sudden insight","Clinging to traditions that repress growth, Engaging in willful blindness, Rejecting evidence that change is needed, Ignoring guidance from a higher power, Maliciously engaging in destructive behavior",The Shattered Ego,Pe[as]/Open Mouth/80,"16 = 1 + 6 = 7 (psychology, imagination, inner work)",Fire / Mars,The Tower of Babel. The destruction of Sodom and Gomorrah. Shiva's destructive dance. The lightning of Zeus and Thor.,"How might the current situation dramatically alter my perspective?,How might this loss open the door for new growth?,What attitudes need to be struck down before I proceed?",,
cards,The Star,17,Major Arcana,Trump,m17.jpg,"Have faith, the unverse will bless you and bring forth what you need. Get an astrology chart drawn up, Someone is a little too starstruck, What's happening now has long been fore-ordained","hope, optimism, inspiration, positivity, healing, rejuvination, renewal, openness, certainty, faith, longing, truth","hopelessness, despair, negativity, lack of faith, despondent, extreme self criticism, lack of confidence in love, pessismism, ","Hoping for the best, Believing good things happen to good people, Seeing events in the best possible light, Adopting a generous spirit, Seeking guidance from above, Embracing possibility over probability","Denying unpleasant truths, Denying personal accountability and saying, ""Things just happen!"", Ignoring signs and omens, Preferring illusion to reality, Spreading pessimism and stinginess of spirit",The Heavenly Guide,"Tzaddi/Fishhook/90 or, in some decks, He[as]/Window/5","17 = 1 + 7 = 8 (action, movement, swiftness)",Aquarius / Air,The star that guided the Magi. Aphrodite. Venus. The Pleiades. Moses bringing forth water from the rock.,"What would my higher power direct me to do?,How can I be less self-conscious and guarded?,How can I better attune myself to the abundance of life's blessings?",,
cards,The Moon,18,Major Arcana,Trump,m18.jpg,"Clarity and understanding, Let your intuition guide you through this, Watch for problems at the end of the month, Someone you know needs to howl at the moon more often, Someone is about to change his or her mind about an important decision","mystery, fantasy, imagination, dreams, uncertainty, illusion, intuition, confusion, complexity, secrets, unconcious, ","fear, decpetion, anxiety, misunderstanding, misinterpretation, claroty, understanding, sabotage, trickery , ","Enjoying healthy fantasies and daydreams, Using your imagination, Practicing magic or celebrating the magic of everyday life, Attuning yourself to the cycles of nature, Embracing the unknown","Becoming unable to separate fantasy from reality, Suffering from delusions, Losing your appreciation for the fantastic or magical, Adopting a ruthlessly logical mindset, Failing to appreciate life's mysteries",The Holy Feminine/The Crone,Koph/Back of the Head/100,"18 = 1 + 8 = 9 (fullness, readiness, ripeness)",Pisces / Water ,"Kali, the dark-skinned divine mother associated with time, the eternal night, and the female principle. Hecate, goddess of night and darkness, who, like Anubis, assists others in their travels to the underworld. ","How can I face my fears and move forward?,What helpers can serve me as guides through my personal darkness?,How can I deal with the unknown in healthy ways?",,
cards,The Sun,19,Major Arcana,Trump,m19.jpg,"Everything's coming up roses (or sunflowers, whatever the case may be), Whatever's on your mind, go for it because you can't lose today, sense of deserved confidence, go for that promotion","vitality, joy, brilliance, validation, attention, happiness, success, optimism, confidence, truth, energy, celebration, strong financial situation","blocked happiness, excessive enthusiasm, pessismism,  unrealistic expectations, coceitedness, hardships are temporary, ","Seeing things clearly, Experiencing intense joy, Celebrating your own successes, Knowing you're good at what you do, Gaining recognition for your personal genius","Being dazzled by your own accomplishments, Becoming absorbed in your own self-image, Feeling rushed and distracted, Exerting yourself to the point of exhaustion, Overstating your abilities or misrepresenting your achievements, being unable to see the happiness in love and achievements",The Holy Masculine,Resh/Head/200,"19 = 1 + 9 = 10 (completion, exhaustion) 1 + 0 = 1 (starting point, opportunity)",Fire / The Sun,"God the Father. Sun gods, including Ra, Apollo, and Helios. The moment of baptism. Claiming a new faith as your own.","How can I take best advantage of the attention coming my way?,What are my highest spiritual goals?,How can I avoid being bedazzled by the energy swirling around me?",,
cards,Judgement,20,Major Arcana,Trump,m20.jpg,"An old issue you thought was over will come up again today, Get ready for huge changes: break-ups, sudden calls from old friends, and unexpected setbacks, God's trying to get your attention","revival, renewal, resurrection, evaluation, invitation, self-evaluatipn, awakening, purpose, making necessary adjustments, reflection on values and habits","self doubt, lack of self awareness, failure to learn lessons, self-loathing, blaming your partner, self-denying, failure to take responsibility,","Receiving a wake-up call, Discovering a new purpose in life ,Becoming totally and completely yourself, Receiving a well-deserved reward, Passing an evaluation or examination, Welcoming the start of a new phase of life","Being weighed in the balances and found wanting, Stop being so critical,  Failing to measure up to a well-defined standard, Being caught goofing off or misbehaving, Failing to prepare for an examination you know is coming, Rejecting an opportunity to reinvent yourself",Resurrection,Sin/Tooth/300,"20 = 2 + 0 = 2 (division, duality)",Fire/ Pluto,"The resurrected Christ. The Last Judgment of Revelation. The phoenix, which rises to new life from its own ashes.","What is the main thing I need to realize about myself?,In what way might the universe be trying to get my attention?,If I were to reinvent myself, what would I become?",,
cards,The World,21,Major Arcana,Trump,m21.jpg,"Winning the lottery,Getting your heart's desire,Having everything you ever imagined having","wholeness, integration, harmony, fullfillment , acheivements, totality, completeness, sense of belonging, fullness","A lover is getting restless, Find out what he or she needs, or new opportunities may lure your partner away","Having it all, Knowing and loving yourself as completely as possible, fulfilling romantic, Seeing the interconnection of all things and people, Enhancing your perspective, Living life to its fullest, Understanding the meaning of life","Allowing greed and envy to prevent you from enjoying what you do possess,Failing to see the larger design in ordinary events, Believing that everything that exists can be touched, counted, or measured, Failing to see the divine reflected in those around you",Enlightenment,Tau/Cross/400,"21 = 2 + 1 = 3 (expression, result)",Earth/ Saturn,The ascended Christ. The Buddha attaining enlightenment. The alpha and the omega. The completion of the alchemist's great work.,"For me, what would having it all mean?,How aware am I of my own connectedness to the world around me?,What keeps me from having it all right now, today?",,
cards,Ace of Cups,1,Minor Arcana,Cups,c01.jpg,"Romance is in the cards, A new relationship or marriage is just around the corner, Prayers are answered","intuition,spirituality,affection,motivation",,"Trusting your feelings, Opening yourself to spirit, Accepting and returning affection, Getting in touch with what motivates you, Taking advantage of an opportunity to express love to others, Listening to the still, small voice","Hiding your feelings, Spurning an opportunity to love or be loved, Numbing yourself to spiritual yearnings, Rejecting the counsel of your heart, Becoming a puppet of your own emotions, Indulging in hysteria or obsession",,,"1 (The Origin: the starting point, the seed, opportunity)","Cancer (June21-July22), Scorpio (October 23-November 21), Pisces (February 19-March20)",,"What am I feeling right now?,How would I go about opening myself to spiritual guidance?,What motivates me the most - pleasure or pain? Why?",,
cards,Two of Cups,2,Minor Arcana,Cups,c02.jpg,"Someone has a secret crush on you,Relationships should be mutual; get rid of a leech","union,attraction,combination,affection",,"Being drawn to someone,Longing for someone or something,Acting on your desires,Discovering a feeling is mutual,Doing what makes you feel good,Merging,Healing broken ties,Admitting two people feel differently about each other and moving on","Burning bridges,Becoming caught up in unhealthy codependency, Shutting out anyone but your chosen few, Obsessing on someone who does not return your affections, Despairing over finding ""The One""Deceiving yourself about your true orientation",,,"2 (The Other: duality, division, debate)","Cancer (June21-July22), Scorpio (October 23-November 21), Pisces (February 19-March20)",,"How can I make sure that what I'm feeling is mutual?"",""When was the last time I felt ""in love"" with someone or something?,What do you need in order to feel emotionally stable?",,
cards,Three of Cups,3,Minor Arcana,Cups,c03.jpg,Unconventional romance is coming your way: a love affair with someone you've always dismissed,"celebration,expression,community,friendliness",,"Celebrating your feelings or connections with others, Expressing joy through song, dance, or physical affection, Working together with others who share your feelings, Performing acts of service as a way of saying, ""I love you"", Embracing unconventional romantic arrangements","Mistaking giddiness for true affection, Being dominated by manic emotions, Expecting everyone to always feel the same way you do, Demanding unreasonable support from friends or family, Partying to a dangerous or unhealthy extent",,,"3 (The Result: expression, productivity, output)","Cancer (June21-July22), Scorpio (October 23-November 21), Pisces (February 19-March20)",,"What's worth celebrating in my life?,How can I demonstrate my feelings in appropriate ways?,What can I do to show my partner how I really feel?",,
cards,Four of Cups,4,Minor Arcana,Cups,c04.jpg,"A lover is getting restless, Find out what he or she needs, or new opportunities may lure your partner away","boredom,listlessness,lethargy,stability,ingratitude",,"Maintaining your emotional stability,Refusing to give in to overwhelming emotions,Appreciating what you have and refusing to take it for granted,Seeing the value of long-term commitments","Being bored, Daydreaming at the expense of your work, Refusing to be engaged by opportunity, Taking people and relationships for grantedIgnoring romantic or spiritual opportunities, Spurning inspiration, Feeling everything should stay ""just like it is""",,,"4 (The Status Quo: stability, equality, persistence)","Cancer (June21-July22), Scorpio (October 23-November 21), Pisces (February 19-March20)",,"How can I use this ""downtime"" to my best advantage?,How can I show my partner that I don't take him or her for granted?,To what extent is my mood blinding me to new opportunities?",,
cards,Five of Cups,5,Minor Arcana,Cups,c05.jpg,"A breakup looms, Don't cry over spilt milk, Take your lumps and get back in the saddle","loss,despair,re-evaluation,regret,uncertainty,repentance",,"Acknowledging loss and moving on,Focusing on how the glass remains ""half-full"",Finding the silver lining in a dark cloud,Recognizing that loss is a natural part of life,Embracing healthy grief,Learning lessons from harsh consequences","Wallowing in unhealthy grief or self-pity Refusing to move on and let go, Clinging to the past, Obsessing on past lives and past loves, Failing to live in the presentBeating yourself up over past mistakes, Allowing fear of failure to limit your efforts",,,"5 (The Catalyst: instability, resistance, confrontation)","Cancer (June21-July22), Scorpio (October 23-November 21), Pisces (February 19-March20)",,"How do I tend to deal with loss?,What life lesson might I be learning now?,How can I shift my attention from the past to the future?",,
cards,Six of Cups,6,Minor Arcana,Cups,c06.jpg,"A stingy spirit is strangling your enjoyment of life, Loosen up and think of others for once, why don't you?","charity,sharing,sacrifice,cooperation,fairness",,"Donating your time and talents to others,Taking satisfaction in knowing how your efforts will aid others,Creating a ""win-win"" scenario,Giving even when you know repayment is not possible,Being motivated to do a good deed","Linking your sense of self-worth to the appraisals of others, Striving to appear more needy than you really are, Taking undeserved or unmerited charity, Bragging about your charitable efforts, Profiteering in times of distress, Refusing to share a burden",,,"6 (The Adjustment: cooperation, collaboration, interaction)","Cancer (June21-July22), Scorpio (October 23-November 21), Pisces (February 19-March20)",,"What gifts do I possess? How freely do I give them?,How can I practice unconditional giving?,How would things change if I became a more charitable person?",,
cards,Seven of Cups,7,Minor Arcana,Cups,c07.jpg,"You're being fed a line, Rather than be dazzled by fancy words and promises, demand something real","imagination,dreams,illusions,goals",,"Motivating yourself with images of future success,Using visualization to encourage progress,Taking an imaginative or creative approach to problem solving,Making dreams come true,Gleaning insight from personal visions","Obsessing on imaginary fears or uncertain consequences, Giving in to emotional or political terrorism, Spending more time dreaming than working, Failing to envision the possible repercussions of your choices, Being controlled by fear",,,"7 (The Motive: imagination, inner work, psychology)","Cancer (June21-July22), Scorpio (October 23-November 21), Pisces (February 19-March20)",,"What do you want most? What do you fear most? How are these related?,How is your imagination working for you? Against you?,How might a clearer personal vision help you choose a single cup from the many available?",,
cards,Eight of Cups,8,Minor Arcana,Cups,c08.jpg,"Someone's ""stepping out"" on you, now or in the near future, Maybe it's time to quit talking about the problem and just move on","longing,dissatisfaction,quest,departure,withdrawal",,"Wanting something better,Blazing your own trail,Realizing there must be more to life,Leaving an unhealthy situation behind,Starting your own business,Going on a retreat,Seeking the ""still, small voice""","Being implacable, Finding fault, Nitpicking, Refusing to settle downRunning away from problems or confrontations, Saying, ""It's my way or the highway!"", Harping on past mistakes and disappointments, Threatening to quit as a strategy to get your way",,,"8 (The Action: movement, outer work, swiftness)","Cancer (June21-July22), Scorpio (October 23-November 21), Pisces (February 19-March20)",,"What do I need to leave behind once and for all?,If I left in search of ""more,"" what would I be looking for, exactly?,How might a retreat enhance my perspective?",,
cards,Nine of Cups,9,Minor Arcana,Cups,c09.jpg,"Whatever you want, you'll get it","satisfaction,sensuality,luxury,pleasure",,"Being delighted with your own achievements,Recognizing your own talents and abilities,Reveling in the good things life has to offer,Indulging yourself,Relaxing and unwinding,Having everything you need in order to feel complete","Being smug, Satisfying yourself at the expense of others, Being selfishOver-indulging, Avoiding work that needs to be done, Claiming achievements or skills you do not possess, Never being satisfied, no matter how much you have",,,"9 (The Completion: fullness, readiness, ripeness)","Cancer (June21-July22), Scorpio (October 23-November 21), Pisces (February 19-March20)",,"What is true happiness?,If I could have anything, what would I have?,What is my attitude toward luxury? Do I deserve it?",,
cards,Ten of Cups,10,Minor Arcana,Cups,c10.jpg,"Marriage and family are in the cards, Expect a friendship to blossom into a romance","joy,fulfillment,overwhelming emotion,giddiness",,"Having more than you ever dreamed,Being deeply thankful for all you've been given,Recognizing the Hand of God in the gifts the Universe brings your way,Experiencing transcendent joy,Achieving domestic bliss",Comparing your achievements or relationships to unrealistic fantasy standardsExperiencing emotions so intense they blunt your ability to cope with realityFeeling overwhelmedEnvying the achievements and happiness of others,,,"10 (The End: finality, completion, exhaustion)","Cancer (June21-July22), Scorpio (October 23-November 21), Pisces (February 19-March20)",,"Who gets to define what ""joy"" consists of?,What course of action is available when you feel overwhelmed?,How might vows or promises play a role in achieving a greater level of joy in your life?",,
cards,Page of Cups,11,Minor Arcana,Cups,c11.jpg,"This card represents a young man or woman with a watery, dreamy demeanor, likely born a Libra, Scorpio, or Sagittarius, who wants to start a new relationship with you","enthusiasm,first impressions,romanticism,superficiality",,"Showing your emotions freely,Throwing yourself into romance,Nursing a secret crush,Indulging in romantic fantasy,Starting a new relationship,Recalling your first love,Experiencing love for the first time,Converting to a new religion",Mistaking a crush for true loveReading romantic intention into innocent actionFrantically trying to impress othersIndulging in overly-sweet sentimentalityPretending to more romantic or spiritual experience than you possess,,,11,Earth of Water.,,"How worried are you that others will see you as foolish or inexperienced?,To what extent can you be honest about your lack of experience in love and faith?,How can you maintain enthusiasm over time?",,
cards,Knight of Cups,12,Minor Arcana,Cups,c12.jpg,"This card represents a man with an emotional, sensitive personality, likely born between October 13th and November 11th, who wants you to rally around his latest passionate cause","fervor,zeal,moodiness,illumination",,"Being deeply committed to a cause,Giving in to strong emotions, from excitement to depression,Acting on intuition alone,Solving problems intuitively,Believing in and basing decisions on ideals instead of realities,Bringing intuition or passion to the table","Becoming a fanaticRejecting information that suggests your intuitions are misguidedAllowing your emotions to control youGiving in to jealousy, confrontation, and peer pressureHiding or ignoring intuitive insights",,,12,Air of Water.,,"How prone to emotional extremes are you?,What's the difference in driving passion and blind zeal?,How can you inspire others without inciting a riot?",,
cards,Queen of Cups,13,Minor Arcana,Cups,c13.jpg,"This card represents a woman with an emotional, deeply spiritual nature, likely born between June 11th and July 11th, who uses emotional and spiritual appeals to sway others to her point of view","insightfulness,spirituality,compassion,empathy,instinct",,"Allowing yourself to be moved by the plight of others,Feeling strong emotions,Possessing unusual sympathy or empathy,Trusting your feelings to guide you,Calling on psychic abilities,Achieving unity with Spirit","Becoming so caught up in matters of Spirit, you become detached from the worldAllowing empathy to disable you (instead of inspire action)Using psychic abilities to wield covert influenceWallowing in emotionalism, sentiment, or self-pity",,,13,Water of Water.,,"How do I handle strong emotions?,To what extent am I a victim of my own feelings?,How can I move from reflection to action?",,
cards,King of Cups,14,Minor Arcana,Cups,c14.jpg,"This card represents an older man with a gentle, sensitive presence, likely born between February 9th and March 10th, who is known for his fairness and tolerance","wisdom,diplomacy,restraint,composure",,"Keeping a stiff upper lip,Being brave and clear in the face of adverse circumstances,Sharing experience as a way of comforting others,Making fair and empathetic decisions,Honoring the spirit, not just the letter, of the law",Allowing yourself to become rigid and unemotionalMaking unfair decisions based on a hidden agendaMaking decisions without regard for their emotional impact on othersAbusing spiritual authorityUsing emotional or spiritual leverage to exercise unhealthy control over others,,,14,Fire of Water.,,"What wise person could be consulted for good advice?,How can I make sure I'm being as objective and fair as possible?,To what extent am I capable of keeping a ""stiff upper lip?""",,
cards,Ace of Swords,1,Minor Arcana,Swords,s01.jpg,"The time to make a choice is now, Stop wavering and do what you know is best","logic,objectivity,intellect,choice",,"Making objective decisions,Applying logic,Reasoning your way out of a difficult situation,Solving puzzles,Thinking things through,Emphasizing the facts,Clearing your mind,Seeking clarity",Applying ruthless or twisted logicGloating over your own superior intellectUsing quick thinking to deceive or confuse othersConfusing snap judgments with quick thinkingMaking decisions without thinking through consequences,,,"1 (The Origin: the starting point, the seed, opportunity)","Gemini (May 21-June 20), Libra (Septmber 23-October 22), Aquarius(January 20-February 18)",,"If I made my decision purely based on reason and logic, what would my decision be?,What do I think about my own problem-solving ability?,Who can supply me with the pure and simple facts?",,
cards,Two of Swords,2,Minor Arcana,Swords,s02.jpg,"Sometimes, the only way to win is to refuse to fight, You're stuck for now; let time pass before taking action","denial,debate,impasse,truce",,"Refusing to make a decision without getting the facts,Exploring both sides of an argument,Arguing passionately for what you believe in,Weighing the issues,Encouraging the open exchange of ideas,Discussing political or religious issues without getting ""hot under the collar""",Rejecting evidence that conflicts with dearly-held beliefsArguing with others just for the sake of doing soNit-pickingPutting off a decision because you're afraid to face the consequencesPreventing others from getting the information they need to make good decisions,,,"2 (The Other: duality, division, debate)","Gemini (May 21-June 20), Libra (Septmber 23-October 22), Aquarius(January 20-February 18)",,"What information do I need to get past this impasse?,How can I get past being defensive and see the facts?,What viewpoints, other than my own, play a role in this situation?",,
cards,Three of Swords,3,Minor Arcana,Swords,s03.jpg,"Breakups and infidelity abound, What hurts now, though, will turn out to be good for you later on","variance,difference,dissatisfaction,heartache,rejection",,"Being brave enough to see things as they really are,Exercising your critical eye,Being your own best critic,Acknowledging that things don't always turn out as planned,Moving past heartbreak to embrace a painful truth","Wallowing in despairAllowing yourself to be completely crushed by the thoughts, words, or deeds of anotherJudging yourself too harshlyHolding yourself to an unrealistic standard of excellenceWearing your heart on your sleeve while carrying a chip on your shoulder",,,"3 (The Result: expression, productivity, output)","Gemini (May 21-June 20), Libra (Septmber 23-October 22), Aquarius(January 20-February 18)",,"How can I get past my depression?,To what extent are my emotions a matter of choice?,How can I learn from the mistakes of the past?",,
cards,Four of Swords,4,Minor Arcana,Swords,s04.jpg,"Don't make any decision now, Wait, and you'll be glad you did","meditation,contemplation,perspective,mindset",,"Thinking over your plans before putting them into action,Pausing to meditate or clear your mind,Taking time to understand someone or something before criticizing it,Resting,Occupying your thoughts with a healthy distraction","Failing to think things throughMistaking procrastination for thoughtfulnessAdopting a point of view and refusing to reconsider your conclusions, even when presented with refuting evidenceAllowing chaos and whimsy to dominate your thoughts",,,"4 (The Status Quo: stability, equality, persistence)","Gemini (May 21-June 20), Libra (Septmber 23-October 22), Aquarius(January 20-February 18)",,"How long has it been since you deliberately took a ""time out?"",How difficult is it for you to meditate?,What would happen if you simply refused to make a decision today?",,
cards,Five of Swords,5,Minor Arcana,Swords,s05.jpg,"Someone is stealing from you, financially or romantically, Be wary of friends who talk behind your back","selfishness,hostility,irrationality,self-preservation",,"Acting in your own best interest,Choosing to stand up for yourself,Not backing down from disagreement and discord,Taking a stand,Refusing to go along with an unethical plan,Knowing when to bend the rules",Taking advantage of othersIntimidating othersActing in an unethical mannerPicking fightsUsing words to goad others into violence and irrationalityIgnoring rules you've agreed to abide byLooking out for yourself while allowing harm to come to othersGloating over victory,,,"5 (The Catalyst: instability, resistance, confrontation)","Gemini (May 21-June 20), Libra (Septmber 23-October 22), Aquarius(January 20-February 18)",,"How do I behave when I win? What does that say about me?,How can I do what's necessary without making others feel defeated?,What's the difference between selfish action and acting in my own best interest?",,
cards,Six of Swords,6,Minor Arcana,Swords,s06.jpg,"You'll soon go on a long journey over water, Actions have unexpected consequences, so be prepared","adaptation,adjustments,science,travel",,"Making the best of a bad situation,Recovering from defeat,Resetting expectations,Making allowances for unexpected circumstances,Helping others who find themselves in dire circumstances,Changing the way you see the world,Broadening your perspective through study or travel","Refusing to accept that things have changedPlaying the victimRejecting the idea that your actions have consequencesApplying scientific criteria to matters of faith, or confusing faith with scienceBelieving the whole world should be like your small corner of it",,,"6 (The Adjustment: cooperation, collaboration, interaction)","Gemini (May 21-June 20), Libra (Septmber 23-October 22), Aquarius(January 20-February 18)",,"What assumptions govern my thinking?,How willing am I to lend aid to others? To request it when I need it?,How prepared am I to deal with change? With unexpected outcomes?",,
cards,Seven of Swords,7,Minor Arcana,Swords,s07.jpg,"Don't assume people around you are worthy of your trust,Ask for an accounting of where people have been, and what they've been doing","dishonesty,presumption,sneakiness,assumptions",,"Refusing to do something dishonest, even when there's no chance of ever being caught,Handling a difficult situation with finesse,Pointing out assumptions,Acting ethically in public and in private,Living a life that is beyond reproach","Stealing or lyingDoing whatever you can get away with, simply because you canLooking for a way around consequencesJustifying wicked behavior by focusing on the wickedness of othersFailing to examine your own motives and prejudices",,,"7 (The Motive: imagination, inner work, psychology)","Gemini (May 21-June 20), Libra (Septmber 23-October 22), Aquarius(January 20-February 18)",,"What assumptions am I making?,How well-defined is my sense of ethics?,How should I respond when I know others are breaking the rules?",,
cards,Eight of Swords,8,Minor Arcana,Swords,s08.jpg,"Get over playing the victim, Once you realize you are your own biggest obstacle, nothing can hold you back","restriction,limitation,confinement,helplessness",,"Honoring limits,Respecting the rules,Deciding to go on a diet for your health's sake,Recognizing you cannot always be in control,Identifying obstacles to further progress,Refusing to think about unhealthy or unethical options,Asking for assistance",Feeling trappedBeing lost in a maze of rules and regulationsGiving in to despairPlaying the victimAllowing others to dictate what you can and cannot doBeing rendered helplessHaving very few optionsFailing to look for a way out,,,"8 (The Action: movement, outer work, swiftness)","Gemini (May 21-June 20), Libra (Septmber 23-October 22), Aquarius(January 20-February 18)",,"Who's empowered to cut through the red tape?,What, exactly, are the obstacles? What resources, exactly, are needed to move them?,To what extent is your powerlessness a matter of attitude?",,
cards,Nine of Swords,9,Minor Arcana,Swords,s09.jpg,"If you take the action you're considering now, you'll be sorry in the future","remorse,worry,distraught,conclusion",,"Refusing to worry about what you cannot control,Rejecting anxiety,Judging your own performance with kindness and gentleness,Using meditation to quiet a troubled mind,Confronting nightmares and fears,Drawing a conclusion and putting an issue out of your mind",Torturing yourself with regretsSecond-guessing your every moveBeating yourself up for your mistakesDepressionObsessing on errors and overlooked detailsRefusing to handle stress in healthy waysRuining your ability to appreciate the present by dwelling on the pastDebating irreversible decisions,,,"9 (The Completion: fullness, readiness, ripeness)","Gemini (May 21-June 20), Libra (Septmber 23-October 22), Aquarius(January 20-February 18)",,"What role does worry play in your current situation?,To what other ends might you devote the energy you're giving to anxiety?,How can you know when it's time to stop thinking and start acting?",,
cards,Ten of Swords,10,Minor Arcana,Swords,s10.jpg,"Disaster, Put off plans and do not take action until omens are better","exhaustion,ruin,disaster,stamina,obsession",,"Seeing the signs that you've reached your limits,Paying attention to what your body is trying to tell you,Giving in to the need for rest and renewal,Acknowledging that you've hit bottom,Committing to a turnaround,Knowing the worst is over","Accepting defeat prematurelyDriving yourself to total exhaustion, especially mentallyExperiencing a mental breakdownObsessing on a problem to the breaking pointGiving upRefusing to move from thought to actionDeeply unhealthy thoughts",,,"10 (The End: finality, completion, exhaustion)","Gemini (May 21-June 20), Libra (Septmber 23-October 22), Aquarius(January 20-February 18)",,"What are the signs that the time for debate is over?,How can you tell when interest has given way to obsession?,When your own limits are reached, where can you turn for aid?",,
cards,Page of Swords,11,Minor Arcana,Swords,s11.jpg,"This card represents a young man or woman with an airy, intellectual demeanor, likely born a Capricorn, Aquarius, or Pisces, who wants to learn something new from you or have a discussion with you","student,apprentice,scholarship,information",,"Pursuing a course of study,Asking good questions,Investing time in study and practice,Doing research,Making a habit of learning new things,Starting an investigation,Outlining what you need to know,Finding a mentor or teacher",Pretending to knowledge or sophistication you do not possessCheating on an examFeigning interest as a way of gaining favorConsidering only the evidence that supports conclusions you've already drawnRejecting the wise counsel of experienced teachers,,,11,Earth of Air.,,"How comfortable are you with revealing your own ignorance?,What are the marks of a good student?,To what extent are you open to new information?",,
cards,Knight of Swords,12,Minor Arcana,Swords,s12.jpg,"A blunder leads someone to say something he or she regrets, If this was you, be prepared to apologize and move on","bluntness,intelligence,incisiveness,investigation",,"Speaking your mind,Making your opinions known,Offering constructive criticism,Sharing your knowledge,Making insightful observations,Pinpointing the problem,Clarifying what others have said,Giving clear direction to others,Uncovering the truth",Stating your opinions as factPicking fightsStarting argumentsUsing clever insults to undermine the confidence of othersTossing reason out the windowSpeaking without taking the feelings of others into accountGoing on a witch huntDistorting evidence,,,12,Air of Air.,,"What do I really need to know?,To what extent have I investigated the facts behind my situation?,How can I share what I know without alienating others?",,
cards,Queen of Swords,13,Minor Arcana,Swords,s13.jpg,"This card represents a woman with an artistic, intellectual nature, likely born between September 12th and October 12th, who uses clever, positive communication to sway others to her point of view","grace,skill,wit,charm,aptitude",,"Exercising tact or using diplomacy,Defusing a tense situation,Knowing what to say and how to say it,Making others feel comfortable and confident,Bringing out the best in everyone,Having a way with words,Telling jokes,Possessing a knack for music, math, art, or science",Knowing exactly what to say to destroy another personWithholding critical informationUsing a barbed tongue to upset othersEmploying sarcasmMimicking others unkindlyMaking light of the less fortunateBeing disrespectfulFailing to use the talent you've been given,,,13,Water of Air.,,"What do I have a knack for? How might my special gift prove useful now?,To what extent am I capable of saying what needs to be said?,What is the best possible way to say what I want to say?",,
cards,King of Swords,14,Minor Arcana,Swords,s14.jpg,"This card represents an older man with an insightful, deliberate spirit, likely born between May 11th and June 10th, who is known for his integrity and sharp decision-making ability","genius,expertise,decision,verdict",,"Expressing yourself with firmness and authority,Rendering a final decision,Consulting an expert,Calling in advisors and consultants,Coming to a final conclusion,Reaching a beneficial agreement based on sound information","Insisting on having the last wordFlaunting your intellectual capabilityTalking ""over the heads"" of othersWaffling on an important decisionConstantly changing your mindRefusing to make choices that are in your own best interestWishing in vain you could take back what's been said",,,14,Fire of Air.,,"What would your decision be if you had to render a binding verdict right now?,How comfortable are you saying exactly what you mean? How often do you temper what you have to say for fear of offending others?,If you were to ask others, ""What's my area of expertise?"" what would they say?",,
cards,Ace of Wands,1,Minor Arcana,Wands,w01.jpg,"Someone has the ""hots"" for you, A new job offer is coming your way, Walk softly, and carry a big stick","desire,inspiration,vision,creation,invention",,"Being inspired,Identifying an important goal,Being given the opportunity to do whatever you want to do,Giving or receiving direction,Seeing a solution,Creating something new,Being aroused, sexually or creatively","Failing to take advantage of a great opportunityBeing ineffectual or lazyMaking an inadequate effortWorking toward a goal, but lacking the resources or initiative to achieve successSetting inappropriate goalsFailing to take a stand",,,"1 (The Origin: the starting point, the seed, opportunity)","Aries (March 21-April 19), Leo (July 23-August 22), Sagittarius (November 22-December 21)",,"What do I really want, more than anything else?,What happens if I let this opportunity pass me by?,How clearly have I defined my directions, values, and goals?",,
cards,Two of Wands,2,Minor Arcana,Wands,w02.jpg,"Beware false friends, Don't be mealy-mouthed; say what you think and do what you want to do","conflict,decision,option,individuality",,"Having a choice,Offering or being offered an option,Seeing the value of another person's approach,Understanding there's more than one way to ""skin a cat"",Successfully doing more than one thing at a time,Being empowered to make a choice",Misrepresenting your intentionsDoing one thing while desiring anotherChanging course mid-stream for no good reasonRefusing to change your goal even when pursuing it no longer makes senseDisregarding the input of others,,,"2 (The Other: division, debate, duality)","Aries (March 21-April 19), Leo (July 23-August 22), Sagittarius (November 22-December 21)",,"In a conflict, how do you decide who wins?,What values govern your decision-making process?,What choice will you make if you make no choice at all?",,
cards,Three of Wands,3,Minor Arcana,Wands,w03.jpg,"You'll be planning a trip soon, Be on the lookout: your ship is coming in","implementation,action,exploration",,"Putting a plan into motion,Taking that critical first step,Making good things happen,Going beyond your limits,Blazing new trails,Hitting the ground running,Seeing your plans come to fruition","ProcrastinatingKnowing what to do, but refusing to do itLaunching a project without a clear definition of who should do whatRejecting an opportunity to try something newFailing to finish what you start",,,"3 (The Result: expression, productivity, output)","Aries (March 21-April 19), Leo (July 23-August 22), Sagittarius (November 22-December 21)",,"How can you make a habit of breaking your habits?,How can you be a decisive leader in this circumstance?,What's your action plan for the next week, month, year, or decade?",,
cards,Four of Wands,4,Minor Arcana,Wands,w04.jpg,"Someone is watching and evaluating your work, You may get a wedding invitation soon","celebration,jubilation,community,teamwork,completion",,"Sharing in a great celebration,Sharing in a communal sense of achievement and success,Preparing for a party,Working together toward a common goal,Giving or winning awards",Keeping your nose to the grindstoneRecognizing good work by demanding more workFailing to share in a group celebrationAllowing sour grapes to poison your moment in the sunRefusing to do your part,,,"4 (The Status Quo: stability, equality, persistence)","Aries (March 21-April 19), Leo (July 23-August 22), Sagittarius (November 22-December 21)",,"To what extent am I doing my part?,What kind of recognition would be most meaningful?,How might a celebration now impact community morale?",,
cards,Five of Wands,5,Minor Arcana,Wands,w05.jpg,"Prepare for a fight with your best friend, Remember: once you let words loose, you can't take them back","confrontation,disruption,distinction,objection,strife",,"Calmly expressing a dissenting opinion,Allowing someone to use his or her own methods to get a job done,Opening the floor for discussion or debate,Comparing progress made so far to standards set earlier",Berating others for their ridiculous opinionsPicking fightsOffering destructive criticismBaiting people with barbed remarksDisrupting progress with an endless stream of pointless objections,,,"5 (The Catalyst: instability, resistance, confrontation)","Aries (March 21-April 19), Leo (July 23-August 22), Sagittarius (November 22-December 21)",,"To what extent is your current issue worth fighting for?,What alternatives are there to outright conflict?,What happens in a ""fair fight?"" How can you keep this fight fair?",,
cards,Six of Wands,6,Minor Arcana,Wands,w06.jpg,"Someone is planning a party for you, but not everyone feels so good about your recent success, Watch out for envious friends","Victory, Achievement, Success, Triumph",,"Outperforming your peers, Winning a competition, Being recognized as a capable person, Having your ""moment in the spotlight"", Being cheered on by the crowd, Getting an award, Earning the admiration of others, Telling someone, ""Good job!""","Being a bad winner, Allowing your achievements to inflate your ego, Looking down on people who seem less capable, Craving to be the center of attention, Giving or receiving insincere praise, Envying the achievements of others",,,"6 (The Adjustment: cooperation, collaboration, interaction)","Aries (March 21-April 19), Leo (July 23-August 22), Sagittarius (November 22-December 21)",,"What kind of recognition do I crave? Why?,How freely do I praise the achievements of others?,What happens when the parade is over?",,
cards,Seven of Wands,7,Minor Arcana,Wands,w07.jpg,"Don't be surprised by a personal attack, Prepare to defend yourself or someone you love","bravery,resolve,determination",,"Refusing to be silenced through fear or intimidation,Continuing a fight against all odds,Being fierce,Defending yourself against physical and emotional attacks,Refusing to put up with abuse,Clinging to your values despite all pressure to abandon them","Having a chip on your shoulder, Taking unnecessary risks as a means of proving your fearlessness, Looking for an opportunity to take offense, Responding to constructive criticism with defensiveness, Refusing to stand up for yourself and your beliefs",,,"7 (The Motive: imagination, inner work, psychology)","Aries (March 21-April 19), Leo (July 23-August 22), Sagittarius (November 22-December 21)",,"When do you feel most threatened? When do you get defensive?,How capable are you of defending yourself?,What kinds of beliefs are worth defending?",,
cards,Eight of Wands,8,Minor Arcana,Wands,w08.jpg,"Watch for a surprising letter in the mail, Your whole world is about to be turned on its ear","speed,swiftness,responsiveness,change",,"Taking swift action,Moving forward with a plan as quickly as possible,Energizing yourself,Adapting to sudden changes,Taking setbacks in stride,Embracing the idea that nothing stays the same forever,Reacting quickly and appropriately to unforeseen problems","Giving in to panicRunning in circles and screamingInsisting things must always stay the sameStirring the pot just to see what will happenRushing othersRefusing to re-evaluate a schedule or program, even when it's clearly no longer appropriate",,,"8 (The Action: movement, outer work, swiftness)","Aries (March 21-April 19), Leo (July 23-August 22), Sagittarius (November 22-December 21)",,"How quickly to you adapt to change?,What would your response be to overwhelming, sudden change?,What changes are on your horizon? How well have you prepared for them?",,
cards,Nine of Wands,9,Minor Arcana,Wands,w09.jpg,"Don't relax yet; there's more to come, The test you're facing now is happening for one reason: to show you who your real friends are","toughness,persistence,stamina,loyalty,release",,"Sticking with it for the duration,Fulfilling your promises and obligations,Bearing up under incredible duress,Dragging yourself across the finish line,Picking yourself up by your own bootstraps,Refusing to quit,Going as far as you can go and being satisfied with your performance",Making yourself a martyrAbandoning your postGiving up at the first sign of oppositionBeing prevented from fulfilling an obligationFailing to be dependableRefusing to let something go that needs to be releasedBeating a dead horse,,,"9 (The Completion: fullness, readiness, ripeness)","Aries (March 21-April 19), Leo (July 23-August 22), Sagittarius (November 22-December 21)",,"How do you cope when things get really tough?,When you get low, what encourages you to go on?,At what point should you be able to let this situation go?",,
cards,Ten of Wands,10,Minor Arcana,Wands,w10.jpg,"You're worn out, Back off, take a time out, and let someone else handle things for a while","exhaustion,resistance,burden,oppression",,"Holding your own in extreme circumstances,Helping others carry their burdens,Coming to the aid of the oppressed,Knowing and being honest about your own limits,Recognizing when you are not well-suited for a particular task","Taking on more work than you know you can handleRefusing to say ""No"" when you're already overloadedMaking a habit of working overtimeShielding others from facing the consequences of their own poor judgmentOver-extending yourself on a regular basis",,,"10 (The End: finality, completion, exhaustion)","Aries (March 21-April 19), Leo (July 23-August 22), Sagittarius (November 22-December 21)",,"How will you know when you reach the end of your rope?,How easily do you say no to new projects and requests?,What projects could you delegate...or eliminate?",,
cards,Page of Wands,11,Minor Arcana,Wands,w11.jpg,"This card represents a young man or woman with a fiery, enthusiastic demeanor, likely born a Cancer, Leo, or Virgo, who wants to start a new relationship with you","enthusiasm,eagerness,confidence,validation,affirmation",,"Leaping at a new opportunity,Being a cheerleader or ardent advocate for your cause,Being a True Believer,Taking first steps toward independence,Trusting in your own abilities,Asking for feedback","Basing your entire self-image on what others thinkSeizing every new idea that comes your way without questionHabitually discounting input or feedback from othersBeing so eager to ""do it yourself"" that you hinder your own progress",,,11,Earth of Fire.,,"How easily do you admit your own inexperience?,How can you be a better student or employee?,What qualities would make a total beginner's voyage of discovery easier?",,
cards,Knight of Wands,12,Minor Arcana,Wands,w12.jpg,"This card represents a man with a bold, passionate personality, likely born between July 12th and August 11th, who wants to sweep you off your feet","boldness,bravado,passion,persuasion,advocacy",,"Charging ahead,Making rapid progress,Refusing limits,Dazzling those around you with your wit and charm,Convincing others of your right to leadership,Convincing others to follow you,Being a catalyst for change",Blundering forward with inadequate skill or informationRunning roughshod over the feelings of othersUsing sex appeal to manipulate othersForcing your leadership or ideology on othersBeginning many projects without finishing any,,,12,Air of Fire.,,"To what extent have you defined your ultimate goal?,What's the fastest way to get the job done? Is this necessarily the best way?,How long has it been since you looked back to see if others really are following your lead?",,
cards,Queen of Wands,13,Minor Arcana,Wands,w13.jpg,"This card represents a woman with an attractive, appealing personality, likely born between March 11th and April 20th, who wants to charm you into doing things her way","attention,attraction,unification,collaboration",,"Paying close attention,Helping others focus on the issue at hand,Getting everyone to work together,Identifying common ground,Bringing people together, despite their differences,Using reverse psychology","Being distracted, or using your charms or skills to distract others from the goalCalling attention to yourself with negative or unhealthy behaviorsDisrupting group activities as a means of feeding your own ego",,,13,Water of Fire.,,"How attentive am I?,How can I draw people's attention to what we have in common?,To what extent am I able to convince people to do what I want them to do?",,
cards,King of Wands,14,Minor Arcana,Wands,w14.jpg,"This card represents an older man with a commanding, charismatic personality, likely born between November 13th and December 12th, who prefers to give directions and have them followed","creativity,ingenuity,achievement,direction",,"Putting old things together in new and exciting ways,Coming up with unexpected solutions,Using your experience to solve puzzles and problems,Doing what you set out to do,Directing the efforts of others",Using your creativity to get out of honest workInvesting great energy in avoiding responsibilityBoasting about achievements without putting your expertise to practical useLording it over others,,,14,Fire of Fire,,"How confident a leader am I?,How can I project more confidence?,How can I offer my expertise in ways that inspire others to follow me?",,
cards,Ace of Pentacles,1,Minor Arcana,Pentacles,p01.jpg,"Your health will improve, The check you're looking for really is in the mail","health,wealth,practicality,receiving",,"Outlining a plan for achieving prosperity,Becoming aware of opportunities to improve income or health,Realizing you have everything you need,Appreciating everything the Universe has given you,Receiving the perfect gift at the perfect time","Indulging in relentless consumerismWanting more, no matter how much you haveObsessing on your account balanceSuffering from hypochondriaConsuming blessings without expressing gratitudeTaking what you want without concern for the needs of others",,,"1 (The Origin: the starting point, the seed, opportunity)","Taurus (April 20-May 20), Virgo (August 23-September22), Capricorn (December 22-January 19)",,"If I made my decision based solely on practical concerns, what would my decision be?,What resources are available to me?,What will be the physical and financial impact of my decisions?",,
cards,Two of Pentacles,2,Minor Arcana,Pentacles,p02.jpg,"It's time to balance the budget, Avoid the temptation to spend critical funds on frivolous goods","evaluation,decision,budgeting,diagnosis",,"Weighing options,Comparing prices,Determining the value of one option over another,Juggling resources to make ends meet,Making difficult choices based on what's best for your body or your bankbook,Looking at the bottom line,Asking for a second opinion on health issues",Engaging in endless price comparisonPutting off a buying decision for fear of finding a slightly better value later onBuying something without regard for valueBreaking your budget with unnecessary expensesEngaging in behavior with no regard for how your body or bankbook will be impacted,,,"2 (The Other: duality, division, debate)","Taurus (April 20-May 20), Virgo (August 23-September22), Capricorn (December 22-January 19)",,"What values govern my decisions?,How willing am I to sacrifice a little pleasure now in order to have more pleasure later on?,Given my current situation, which course of action will give me more of what I really need?",,
cards,Three of Pentacles,3,Minor Arcana,Pentacles,p03.jpg,"A high-dollar contract is in your future, If you work hard, you'll succeed","expression,production,work,contribution",,"Finishing a project,Setting and meeting standards,Performing according to specifications,Making something others value,Creating something new,Doing your part in a group project,Delivering exactly what others have asked for",Pandering to the tastes of othersFailing to deliver what you've promisedNot delivering your best work unless closely supervisedIgnoring or breaking agreements with those who have invested in youRefusing to do your partFailing to abide by a clearly-outlined agreement with yourself or others,,,"3 (The Result: expression, productivity, output)","Taurus (April 20-May 20), Virgo (August 23-September22), Capricorn (December 22-January 19)",,"How can I get more done?,What's expected of me? How large a role do I play in controlling those expectations?,What's been agreed to? How well has that agreement been followed?",,
cards,Four of Pentacles,4,Minor Arcana,Pentacles,p04.jpg,A rainy day is coming—it's time to save,"protection,conservation,preservation,safety",,"Saving for a rainy day,Fasting as part of a spiritual practice,Dieting in an effort to improve your body,Abstaining from sex as a way of honoring a spiritual tradition or personal promise,Being financially conservative,Establishing a trust fund,Opening a savings account","Being stingyRefusing to spend money that needs to be spentWithholding sex from your partnerTaking care of your own needs exclusively, without regard for the needs of othersSpending a dollar to save a pennyFailing to be a good manager of the blessings you've been given",,,"4 (The Status Quo: stability, equality, persistence)","Taurus (April 20-May 20), Virgo (August 23-September22), Capricorn (December 22-January 19)",,"What factors determine how conservative or generous you are?,What kinds of things must be preserved at all costs?,When is greediness or stinginess a good trait to have? When might generosity work against you?",,
cards,Five of Pentacles,5,Minor Arcana,Pentacles,p05.jpg,"Finances are getting tighter, Prepare for a setback","poverty,destitution,need,crisis",,"Recognizing your needs and taking action to fulfill them,Doing as much as you can do with what little you have,Admitting you need help,Embracing the aid that comes your way,Focusing on what you have versus what you don't,Looking for the light at the end of the tunnel",Exaggerating your financial or physical needsAdopting a poverty mentalityRefusing to support yourselfRefusing offers of supportPlaying the martyrTurning down opportunities to improve your health or financesWallowing in misery,,,"5 (The Catalyst: instability, resistance, confrontation)","Taurus (April 20-May 20), Virgo (August 23-September22), Capricorn (December 22-January 19)",,"What critical resources do I lack?,What people or groups would come to my aid if I asked?,How might an impoverished spirit be impacting my physical or financial condition?",,
cards,Six of Pentacles,6,Minor Arcana,Pentacles,p06.jpg,"When you need help, ask for it, Remember, though: what you receive may be limited by what you've given to others in the past","charity,fairness,cooperation,sharing",,"Giving time, money, or effort to a charity,Taking part in a group effort,Lending your resources to others without expecting anything in return,Making sure everyone is treated equally,Working together toward a common goal,Redistributing wealth, time, or attention,Tithing,Sharing credit for your success",Making a loan as a means of gaining control over someoneUsing charitable acts to draw attention to yourselfDividing work or resources unfairlyFailing to do your part in a group effortIgnoring obligations and commitments,,,"6 (The Adjustment: cooperation, collaboration, interaction)","Taurus (April 20-May 20), Virgo (August 23-September22), Capricorn (December 22-January 19)",,"How do I feel about charity? About giving it? About receiving it?,How can I know if I'm treating others fairly?,What could I give that no one else can?",,
cards,Seven of Pentacles,7,Minor Arcana,Pentacles,p07.jpg,"Things won't work out as expected, Pick up the pieces and prepare to move on","Assessment, Evaluation, Re-evaluation, Reflection",,"Measuring progress toward your goal, Looking at results with an eye toward improving performance, Asking, ""How happy am I?"", Coming up with ideas for improving your health or prosperity, Deciding it's time for a change, Expressing an honest opinion","Becoming distracted by melancholy thoughts, Longing for ""the good old days"", Beating yourself up over lost opportunities, Judging your own work harshly, Holding others to inappropriate standards, Refusing to take part in a project, then whining about the quality of the outcome.",,,"7 (The Motive: imagination, inner work, psychology)","Taurus (April 20-May 20), Virgo (August 23-September22), Capricorn (December 22-January 19)",,"To what extent have I fulfilled my own expectations?,What are the terms of success?,How can I be happier with the progress I've made?",,
cards,Eight of Pentacles,8,Minor Arcana,Pentacles,p08.jpg,"Stop over-analyzing, researching, and outlining, Buckle down and get the work done","effort,work diligence,skill",,"Doing your best, Bringing enthusiasm and zeal to your work, Making an effort to be the best you can be, Finding the work that is right for you, Taking care of the small details, Becoming a finely skilled craftsperson, Building something with your hands, Making a handmade gift","Working yourself to death, Doing a half-hearted or sloppy job, Continuing in a job you hate, Buying thoughtless gifts, Producing work with shoddy craftsmanship, Rushing through your work, Rejecting opportunities to learn more about your craft",,,"8 (The Action: movement, outer work, swiftness)","Taurus (April 20-May 20), Virgo (August 23-September22), Capricorn (December 22-January 19)",,"How long has it been since you were ""lost in your work?"",How can you improve your level of dedication and focus?,What work do you do best? What about that work appeals to you?",,
cards,Nine of Pentacles,9,Minor Arcana,Pentacles,p09.jpg,"Until you appreciate what you have, you won't have any luck getting more","training,discipline,confidence,enough",,"Investing time in learning or teaching a difficult task,Restraining yourself from physical or financial extremes,Making sacrifices as a way of achieving larger goals,Breaking a complex task down into simple steps,Wanting what you have,Knowing the difference between needs and wants",Being assigned to a task without being trained to perform itPursuing a position for which you are not qualifiedDisregarding requirementsRefusing to dedicate adequate time or attention when learning about something or someone newAlways craving more,,,"9 (The Completion: fullness, readiness, ripeness)","Taurus (April 20-May 20), Virgo (August 23-September22), Capricorn (December 22-January 19)",,"If you could not have what you want, how would you make do?,Could you make a complex task easier by breaking it down into smaller steps?,How patient are you during the learning process? With yourself? With others?",,
cards,Ten of Pentacles,10,Minor Arcana,Pentacles,p10.jpg,"Big money is in the near future, Expect a powerful blessing to come your way","wealth,abundance,acquisition,greed",,"Celebrating your physical and financial blessings,Realizing how lucky or how blessed you are,Being satisfied with your physical and financial achievements,Taking best advantage of ""times of plenty"",Enjoying a feast,Showering friends or family with gifts","Spending all of your money on extravagant gifts and possessionsTrying too hard to impress others with your wealth or physiqueGiving an inappropriately expensive gift as a means of currying favorObsessing on matters of weight, health, or financeAlways asking, ""What's in it for me?""",,,"10 (The End: finality, completion, exhaustion)","Taurus (April 20-May 20), Virgo (August 23-September22), Capricorn (December 22-January 19)",,"How much stuff do I really need?,How do I feel about wealth and abundance? How do I define these terms?,How might shedding some possessions open room for growth?",,
cards,Page of Pentacles,11,Minor Arcana,Pentacles,p11.jpg,"This card represents a young man or woman with an earthy, practical demeanor, likely born an Aries, Taurus, or Gemini, who playfully encourages you to take financial or sexual risks","Practicality, Prosperity, Learning, Growth, Adolescence",,"Learning the value of a dollar, Starting a savings plan, Taking the first steps toward getting out of debt, Learning new physical tasks ,Discovering your sexuality, Launching a diet, a weight-lifting program, or a health-related effort, Learning by doing","Trying to appear healthier or wealthier than you really are, Spending money carelessly, Living strictly for today, with no thought of tomorrow,Possessing immature attitudes toward sex and sexuality, Using wealth or beauty as an excuse for not having to learn and grow",,,11,Earth of Earth.,,"How can you get more financial or sexual experience without risking your livelihood or health?,How might hands-on learning play a role in your situation?,What's the most practical choice you could make?",,
cards,Knight of Pentacles,12,Minor Arcana,Pentacles,p12.jpg,"A stingy person may chide you for spending money, Be prepared to defend an economic or sexual decision","caution,focus,realism,invention",,"Spending money wisely, Saving for a rainy day, Paying close attention to physical or financial details, Knowing where every dollar goes, Having safe sex, Preferring facts to ""good feelings"", Finding creative ways to ""make do"" with resources on hand, Completing a new invention","Throwing caution to the four winds, Spending without regard for consequence, Spending on luxury when necessities are lacking, Escaping stress by spending money, Obsessing on tiny physical or financial details, Perpetually chasing after some new bauble, Copying another's work and claiming it as your own",,,12,Air of Earth.,,"What's the difference between caution and fear?,How can I evaluate the practicality of my own ideas and methods?,How realistic are my goals?",,
cards,Queen of Pentacles,13,Minor Arcana,Pentacles,p13.jpg,"This card represents a woman with an expansive, sensual nature, likely born between December 13th and 31st, who uses sensual appeal and the promise of reward to sway others to her point of view","luxury,comfort,resourcefulness,generosity,prosperity",,"Appreciating fine food, fine wine, beautiful art, beautiful bodies, or any of the better things in life, Reveling in healthy sexuality, Treating yourself, Splurging on the occasional ""nice to have"" item, Rewarding someone with compensation above and beyond expectations, Having it all","Indulging in gluttony or greediness, Becoming insatiable, Blunting the impact of treats by indulging in them too often, Providing physical comfort without providing for emotional needs, Allowing a feeling of entitlement to distort your gratitude for what you're given",,,13,Water of Earth.,,"How do I define luxury?,To what extent am I capable of reveling in sensual pleasure?,What would I have to give up in order to ""have it all?""",,
cards,King of Pentacles,14,Minor Arcana,Pentacles,p14.jpg,"This card represents an older man with a financially, socially, and politically conservative spirit, likely born between August 12th and September 11th, who is known for putting his money where his mouth is","stability,dependability,confidence,intervention",,"Becoming debt-free, Having more than enough to get by, Making contributions to a savings plan, Taking a new job with an eye toward advancing your career, Buying life or health insurance, Being confident in the bedroom ,Taking on the role of enforcer when called upon to do so","Becoming so conservative you resist all change on principle aloneIgnoring innovations in the name of preserving tradition, Being smug or cocky, Becoming ruthlessly dedicated to profit or pleasure, Being sexually selfish, Bossing others around, especially when you're not empowered to do so",,,14,Fire of Earth.,,"How can you handle expenses with greater confidence and maturity?,How dependable are you? How dependable would others say you are?,To what extent is a conservative viewpoint valuable? At what point does it become more of a burden than a blessing?",,
